Fecha,S&P Colombia Sovereign Bond Index
31/08/2012,879.25
3/09/2012,881.41
4/09/2012,881.1
5/09/2012,880.94
6/09/2012,882.01
7/09/2012,883
10/09/2012,885.58
11/09/2012,885.14
12/09/2012,884.23
13/09/2012,885.72
14/09/2012,884.55
17/09/2012,884.55
18/09/2012,884.98
19/09/2012,884.75
20/09/2012,886.47
21/09/2012,885.82
24/09/2012,888.41
25/09/2012,889.17
26/09/2012,890.37
27/09/2012,890.59
28/09/2012,893.12
1/10/2012,891.99
2/10/2012,893.97
3/10/2012,894.23
4/10/2012,893.96
5/10/2012,895.7
8/10/2012,899.09
9/10/2012,900.45
10/10/2012,899.2
11/10/2012,899.62
12/10/2012,903.26
15/10/2012,903.84
16/10/2012,904.23
17/10/2012,902.47
18/10/2012,900.76
19/10/2012,904.19
22/10/2012,905.19
23/10/2012,904.07
24/10/2012,904.28
25/10/2012,903.28
26/10/2012,905.43
29/10/2012,905.55
30/10/2012,902.5
31/10/2012,901.73
1/11/2012,902.23
2/11/2012,898.82
5/11/2012,901.32
6/11/2012,901.17
7/11/2012,902.93
8/11/2012,903.35
9/11/2012,901.02
12/11/2012,901.65
13/11/2012,901.13
14/11/2012,900.43
15/11/2012,900.23
16/11/2012,899.77
19/11/2012,900.83
20/11/2012,901.47
21/11/2012,902.35
22/11/2012,901.53
23/11/2012,903.09
26/11/2012,908.68
27/11/2012,910.21
28/11/2012,910.25
29/11/2012,910.52
30/11/2012,911.56
3/12/2012,911.73
4/12/2012,911.46
5/12/2012,912.4
6/12/2012,912.97
7/12/2012,915.45
10/12/2012,916.87
11/12/2012,913.47
12/12/2012,911.97
13/12/2012,913.19
14/12/2012,915.92
17/12/2012,915.05
18/12/2012,917.12
19/12/2012,917.07
20/12/2012,916.58
21/12/2012,920.86
24/12/2012,925.73
25/12/2012,925.92
26/12/2012,925.8
27/12/2012,925.77
28/12/2012,926.06
31/12/2012,926.84
1/01/2013,927.02
2/01/2013,927.05
3/01/2013,927.59
4/01/2013,927.91
7/01/2013,928.42
8/01/2013,931.72
9/01/2013,932.1
10/01/2013,936.03
11/01/2013,935.89
14/01/2013,938.26
15/01/2013,938.01
16/01/2013,938.02
17/01/2013,942.16
18/01/2013,940.82
21/01/2013,941.53
22/01/2013,942.62
23/01/2013,945.64
24/01/2013,945.47
25/01/2013,944.91
28/01/2013,945.65
29/01/2013,945.69
30/01/2013,944.7
31/01/2013,945.82
1/02/2013,946.37
4/02/2013,946.74
5/02/2013,946.51
6/02/2013,946.82
7/02/2013,952.18
8/02/2013,952.59
11/02/2013,951.89
12/02/2013,952.66
13/02/2013,953.75
14/02/2013,953.62
15/02/2013,955.54
18/02/2013,956.11
19/02/2013,956.25
20/02/2013,956.2
21/02/2013,958.27
22/02/2013,958.52
25/02/2013,959.44
26/02/2013,958.32
27/02/2013,958.49
28/02/2013,959.52
1/03/2013,961.15
4/03/2013,961.3
5/03/2013,962.97
6/03/2013,963.26
7/03/2013,966.4
8/03/2013,964.22
11/03/2013,964.27
12/03/2013,963.19
13/03/2013,963.58
14/03/2013,963.6
15/03/2013,962.88
18/03/2013,964.99
19/03/2013,963.86
20/03/2013,961.68
21/03/2013,959.39
22/03/2013,958.17
25/03/2013,959.13
26/03/2013,959.43
27/03/2013,961.2
28/03/2013,967.25
29/03/2013,967.64
1/04/2013,966.81
2/04/2013,966.77
3/04/2013,962.38
4/04/2013,959.83
5/04/2013,963.8
8/04/2013,964.63
9/04/2013,965.68
10/04/2013,963.7
11/04/2013,964.64
12/04/2013,966.38
15/04/2013,965.45
16/04/2013,965.57
17/04/2013,966.39
18/04/2013,967.52
19/04/2013,967.83
22/04/2013,969.49
23/04/2013,968.9
24/04/2013,969.1
25/04/2013,970.02
26/04/2013,970.1
29/04/2013,969.1
30/04/2013,968.07
1/05/2013,969.6
2/05/2013,969.28
3/05/2013,968.24
6/05/2013,966.99
7/05/2013,962.18
8/05/2013,964.67
9/05/2013,965.31
10/05/2013,963.67
13/05/2013,964.38
14/05/2013,964.32
15/05/2013,963.66
16/05/2013,964.14
17/05/2013,962.7
20/05/2013,963.26
21/05/2013,962.38
22/05/2013,962.63
23/05/2013,959.32
24/05/2013,957.6
27/05/2013,958.09
28/05/2013,955.34
29/05/2013,951.79
30/05/2013,945.42
31/05/2013,939.38
3/06/2013,938.99
4/06/2013,940.62
5/06/2013,927.83
6/06/2013,921.9
7/06/2013,925.76
10/06/2013,925.92
11/06/2013,918.98
12/06/2013,916.78
13/06/2013,913.11
14/06/2013,920.85
17/06/2013,920.98
18/06/2013,919.99
19/06/2013,918.4
20/06/2013,908.88
21/06/2013,900.99
24/06/2013,896.77
25/06/2013,898.77
26/06/2013,903.1
27/06/2013,904.33
28/06/2013,910.26
1/07/2013,911.21
2/07/2013,911.09
3/07/2013,908.35
4/07/2013,908.81
5/07/2013,907.3
8/07/2013,907.09
9/07/2013,909.03
10/07/2013,910.75
11/07/2013,919.33
12/07/2013,923.13
15/07/2013,920.92
16/07/2013,921.58
17/07/2013,920.81
18/07/2013,919.32
19/07/2013,920.16
22/07/2013,921.63
23/07/2013,921.27
24/07/2013,915.41
25/07/2013,915.57
26/07/2013,913.63
29/07/2013,912.83
30/07/2013,911.58
31/07/2013,909.73
1/08/2013,911.55
2/08/2013,914.91
5/08/2013,915.72
6/08/2013,915.61
7/08/2013,915.58
8/08/2013,915.97
9/08/2013,915.51
12/08/2013,914.78
13/08/2013,913.7
14/08/2013,911.07
15/08/2013,908.06
16/08/2013,905.29
19/08/2013,905.54
20/08/2013,904.58
21/08/2013,905.11
22/08/2013,905.76
23/08/2013,907.31
26/08/2013,907.02
27/08/2013,906.56
28/08/2013,904.37
29/08/2013,904.53
30/08/2013,904.62
2/09/2013,904.98
3/09/2013,906.02
4/09/2013,904.03
5/09/2013,904.43
6/09/2013,906.3
9/09/2013,907.65
10/09/2013,910.47
11/09/2013,914.24
12/09/2013,919.4
13/09/2013,917.76
16/09/2013,918.16
17/09/2013,916.57
18/09/2013,919.24
19/09/2013,921.15
20/09/2013,922.78
23/09/2013,921.1
24/09/2013,924.04
25/09/2013,923.53
26/09/2013,923.6
27/09/2013,924.45
30/09/2013,921.67
1/10/2013,921.51
2/10/2013,921.61
3/10/2013,922.04
4/10/2013,924.36
7/10/2013,924.74
8/10/2013,926.19
9/10/2013,925.24
10/10/2013,926.11
11/10/2013,928.36
14/10/2013,928.94
15/10/2013,928.13
16/10/2013,929.89
17/10/2013,933.91
18/10/2013,935.85
21/10/2013,935.79
22/10/2013,939.32
23/10/2013,941.38
24/10/2013,940.86
25/10/2013,940.83
28/10/2013,940.11
29/10/2013,940.7
30/10/2013,942.14
31/10/2013,937.5
1/11/2013,937.03
4/11/2013,935.03
5/11/2013,929.74
6/11/2013,931.84
7/11/2013,930.92
8/11/2013,925.68
11/11/2013,924.27
12/11/2013,923.08
13/11/2013,923.87
14/11/2013,926.84
15/11/2013,929.42
18/11/2013,930.98
19/11/2013,932.55
20/11/2013,931.83
21/11/2013,931.11
22/11/2013,935.22
25/11/2013,935.57
26/11/2013,935.42
27/11/2013,935.48
28/11/2013,935.61
29/11/2013,936.22
2/12/2013,933.22
3/12/2013,932.4
4/12/2013,931.14
5/12/2013,930.64
6/12/2013,936.73
9/12/2013,938
10/12/2013,938.16
11/12/2013,936.7
12/12/2013,936.88
13/12/2013,936.55
16/12/2013,938.19
17/12/2013,938.22
18/12/2013,938.05
19/12/2013,939.38
20/12/2013,941.49
23/12/2013,943.37
24/12/2013,943.37
25/12/2013,943.57
26/12/2013,943.32
27/12/2013,942.26
30/12/2013,942.28
31/12/2013,943.08
1/01/2014,943.28
2/01/2014,941.37
3/01/2014,939.98
6/01/2014,940.59
7/01/2014,941.51
8/01/2014,942.38
9/01/2014,942.12
10/01/2014,945.21
13/01/2014,945.84
14/01/2014,945.17
15/01/2014,946.07
16/01/2014,946.04
17/01/2014,943.71
20/01/2014,944.06
21/01/2014,944.47
22/01/2014,944.21
23/01/2014,943.71
24/01/2014,942.62
27/01/2014,941.49
28/01/2014,941.72
29/01/2014,939.23
30/01/2014,939.01
31/01/2014,934.51
3/02/2014,933.8
4/02/2014,933.72
5/02/2014,933.32
6/02/2014,934.42
7/02/2014,934.98
10/02/2014,937.06
11/02/2014,937.56
12/02/2014,937.97
13/02/2014,937.57
14/02/2014,938.23
17/02/2014,939.23
18/02/2014,937.74
19/02/2014,936.57
20/02/2014,934.37
21/02/2014,934.78
24/02/2014,936.38
25/02/2014,936.1
26/02/2014,934.38
27/02/2014,935.52
28/02/2014,936.85
3/03/2014,937.04
4/03/2014,938.17
5/03/2014,940.02
6/03/2014,942.3
7/03/2014,941.79
10/03/2014,941.69
11/03/2014,942.28
12/03/2014,942.64
13/03/2014,942
14/03/2014,943.24
17/03/2014,943.74
18/03/2014,943.72
19/03/2014,951.64
20/03/2014,956.72
21/03/2014,958.33
24/03/2014,959.03
25/03/2014,961.33
26/03/2014,966.08
27/03/2014,967.99
28/03/2014,967.04
31/03/2014,966.59
1/04/2014,970.02
2/04/2014,969.35
3/04/2014,969.14
4/04/2014,970.28
7/04/2014,975.73
8/04/2014,977.76
9/04/2014,980.31
10/04/2014,978.47
11/04/2014,977.46
14/04/2014,977.25
15/04/2014,976.04
16/04/2014,976.96
17/04/2014,976.84
18/04/2014,977.04
21/04/2014,978.34
22/04/2014,976.77
23/04/2014,976.5
24/04/2014,974.5
25/04/2014,975.09
28/04/2014,971.03
29/04/2014,970.63
30/04/2014,970.65
1/05/2014,971.01
2/05/2014,971.31
5/05/2014,971.77
6/05/2014,973.38
7/05/2014,974.54
8/05/2014,976.97
9/05/2014,977.85
12/05/2014,974.9
13/05/2014,974.31
14/05/2014,973.18
15/05/2014,974.3
16/05/2014,972.71
19/05/2014,973.63
20/05/2014,976
21/05/2014,976.9
22/05/2014,979.29
23/05/2014,977.36
26/05/2014,977.4
27/05/2014,976.63
28/05/2014,976.72
29/05/2014,978.96
30/05/2014,978.4
2/06/2014,978.3
3/06/2014,976.54
4/06/2014,975.91
5/06/2014,977.43
6/06/2014,979.45
9/06/2014,980.13
10/06/2014,979.04
11/06/2014,979.06
12/06/2014,980.37
13/06/2014,979.02
16/06/2014,975.91
17/06/2014,968.95
18/06/2014,969.81
19/06/2014,971.42
20/06/2014,972.14
23/06/2014,972.67
24/06/2014,973.56
25/06/2014,972.94
26/06/2014,971.92
27/06/2014,972.13
30/06/2014,972.28
1/07/2014,975.41
2/07/2014,972.13
3/07/2014,971.06
4/07/2014,973.49
7/07/2014,976.59
8/07/2014,975.75
9/07/2014,973.54
10/07/2014,975.09
11/07/2014,975.67
14/07/2014,976.55
15/07/2014,975.56
16/07/2014,975.92
17/07/2014,975.59
18/07/2014,976.42
21/07/2014,978.48
22/07/2014,981.03
23/07/2014,980.91
24/07/2014,979.63
25/07/2014,981.55
28/07/2014,982.82
29/07/2014,981.25
30/07/2014,978.12
31/07/2014,977.17
1/08/2014,977.65
4/08/2014,977.86
5/08/2014,977.29
6/08/2014,977.74
7/08/2014,977.53
8/08/2014,977.43
11/08/2014,978.2
12/08/2014,978.83
13/08/2014,978.96
14/08/2014,979.73
15/08/2014,981.86
18/08/2014,981.5
19/08/2014,982.91
20/08/2014,981.12
21/08/2014,981.25
22/08/2014,983.31
25/08/2014,983.26
26/08/2014,984.72
27/08/2014,986.9
28/08/2014,989.71
29/08/2014,990.19
1/09/2014,992.03
2/09/2014,988.91
3/09/2014,989.98
4/09/2014,989.67
5/09/2014,991.65
8/09/2014,991.68
9/09/2014,987.58
10/09/2014,988.23
11/09/2014,988.63
12/09/2014,987.21
15/09/2014,987.06
16/09/2014,988.63
17/09/2014,989.42
18/09/2014,989.92
19/09/2014,990.04
22/09/2014,989.18
23/09/2014,989.88
24/09/2014,988.26
25/09/2014,986.75
26/09/2014,986.78
29/09/2014,981.65
30/09/2014,982.63
1/10/2014,984.46
2/10/2014,987.49
3/10/2014,986.94
6/10/2014,987.72
7/10/2014,988.19
8/10/2014,987.71
9/10/2014,988.91
10/10/2014,987.6
13/10/2014,987.92
14/10/2014,989.51
15/10/2014,990.95
16/10/2014,990.53
17/10/2014,992.3
20/10/2014,993.1
21/10/2014,995.2
22/10/2014,993.98
23/10/2014,993.58
24/10/2014,995
27/10/2014,994.22
28/10/2014,995.49
29/10/2014,996.47
30/10/2014,996.87
31/10/2014,998.35
3/11/2014,998.76
4/11/2014,999.62
5/11/2014,1001.52
6/11/2014,1001.88
7/11/2014,1002.36
10/11/2014,1003.96
11/11/2014,1003.83
12/11/2014,1005.72
13/11/2014,1006
14/11/2014,1003.59
17/11/2014,1004.47
18/11/2014,1004.33
19/11/2014,1004.61
20/11/2014,1007.54
21/11/2014,1009.13
24/11/2014,1010.55
25/11/2014,1010.89
26/11/2014,1010.13
27/11/2014,1009.56
28/11/2014,1008.19
1/12/2014,1008.08
2/12/2014,1007.15
3/12/2014,1007.02
4/12/2014,1006.89
5/12/2014,1003.22
8/12/2014,1003.7
9/12/2014,995.74
10/12/2014,989.99
11/12/2014,990.8
12/12/2014,991.31
15/12/2014,990.13
16/12/2014,988.15
17/12/2014,988.43
18/12/2014,991.58
19/12/2014,991.36
22/12/2014,991.07
23/12/2014,990.37
24/12/2014,990.38
25/12/2014,990.53
26/12/2014,990.87
29/12/2014,990.81
30/12/2014,989.71
31/12/2014,989.69
1/01/2015,989.84
2/01/2015,990.05
5/01/2015,990.66
6/01/2015,989.77
7/01/2015,992.07
8/01/2015,994.64
9/01/2015,998.95
12/01/2015,999.76
13/01/2015,999.75
14/01/2015,1001.2
15/01/2015,1004.74
16/01/2015,1005.59
19/01/2015,1006.32
20/01/2015,1009.12
21/01/2015,1009.12
22/01/2015,1011.57
23/01/2015,1018.9
26/01/2015,1019.75
27/01/2015,1020.79
28/01/2015,1021.21
29/01/2015,1020.55
30/01/2015,1020.62
2/02/2015,1022.49
3/02/2015,1021.59
4/02/2015,1020.19
5/02/2015,1020.88
6/02/2015,1017.72
9/02/2015,1014.83
10/02/2015,1013.43
11/02/2015,1013.3
12/02/2015,1015.48
13/02/2015,1017.81
16/02/2015,1018.91
17/02/2015,1019.22
18/02/2015,1017.67
19/02/2015,1018.96
20/02/2015,1020
23/02/2015,1020.19
24/02/2015,1023.09
25/02/2015,1025.21
26/02/2015,1024.99
27/02/2015,1025.33
2/03/2015,1025.27
3/03/2015,1022.52
4/03/2015,1020.34
5/03/2015,1020.42
6/03/2015,1012.9
9/03/2015,1012.91
10/03/2015,1013.03
11/03/2015,1013.39
12/03/2015,1013.14
13/03/2015,1013.1
16/03/2015,1013.43
17/03/2015,1014.02
18/03/2015,1014.55
19/03/2015,1014.66
20/03/2015,1014.14
23/03/2015,1015.62
24/03/2015,1017.03
25/03/2015,1015.15
26/03/2015,1014.74
27/03/2015,1010.66
30/03/2015,1010.32
31/03/2015,1010.56
1/04/2015,1011.16
2/04/2015,1012.33
3/04/2015,1012.53
6/04/2015,1014.85
7/04/2015,1016.83
8/04/2015,1018.01
9/04/2015,1018.79
10/04/2015,1018.5
13/04/2015,1021.14
14/04/2015,1021.22
15/04/2015,1022.59
16/04/2015,1024.88
17/04/2015,1024.49
20/04/2015,1024.96
21/04/2015,1024.83
22/04/2015,1024.49
23/04/2015,1025.62
24/04/2015,1027.22
27/04/2015,1027.5
28/04/2015,1027.08
29/04/2015,1027.76
30/04/2015,1027.16
1/05/2015,1027.1
4/05/2015,1025.03
5/05/2015,1023.51
6/05/2015,1022.02
7/05/2015,1022.45
8/05/2015,1024.15
11/05/2015,1023.6
12/05/2015,1021.8
13/05/2015,1022.09
14/05/2015,1022.67
15/05/2015,1023.38
18/05/2015,1024.76
19/05/2015,1023.84
20/05/2015,1023.36
21/05/2015,1024.19
22/05/2015,1024.11
25/05/2015,1024.52
26/05/2015,1024.13
27/05/2015,1024.41
28/05/2015,1025.39
29/05/2015,1026.24
1/06/2015,1025.22
2/06/2015,1024.67
3/06/2015,1022.96
4/06/2015,1022.38
5/06/2015,1021.84
8/06/2015,1021.74
9/06/2015,1021.34
10/06/2015,1021.28
11/06/2015,1021.35
12/06/2015,1021.91
15/06/2015,1022.63
16/06/2015,1021.02
17/06/2015,1020.44
18/06/2015,1020.47
19/06/2015,1020.84
22/06/2015,1021.13
23/06/2015,1021.08
24/06/2015,1019.82
25/06/2015,1018.09
26/06/2015,1017.8
29/06/2015,1017.39
30/06/2015,1018.09
1/07/2015,1016.96
2/07/2015,1016.81
3/07/2015,1016.06
6/07/2015,1015.93
7/07/2015,1016.79
8/07/2015,1017.27
9/07/2015,1017.89
10/07/2015,1017.87
13/07/2015,1018.57
14/07/2015,1019.17
15/07/2015,1020.22
16/07/2015,1020.38
17/07/2015,1020.55
20/07/2015,1021.02
21/07/2015,1021.5
22/07/2015,1022.99
23/07/2015,1025.74
24/07/2015,1024.36
27/07/2015,1024.2
28/07/2015,1024.64
29/07/2015,1025.44
30/07/2015,1025.43
31/07/2015,1026.05
3/08/2015,1024.31
4/08/2015,1022.46
5/08/2015,1021.91
6/08/2015,1019.76
7/08/2015,1019.51
10/08/2015,1019.41
11/08/2015,1019.81
12/08/2015,1020.96
13/08/2015,1018.69
14/08/2015,1018.53
17/08/2015,1018.94
18/08/2015,1019.26
19/08/2015,1019.62
20/08/2015,1018.96
21/08/2015,1015.02
24/08/2015,1009.23
25/08/2015,1008
26/08/2015,1006.02
27/08/2015,1006.86
28/08/2015,1008.29
31/08/2015,1008.39
1/09/2015,1007.51
2/09/2015,1003.75
3/09/2015,1004.55
4/09/2015,1003.21
7/09/2015,1000.26
8/09/2015,995.73
9/09/2015,996.4
10/09/2015,997.55
11/09/2015,998.45
14/09/2015,997.97
15/09/2015,997.92
16/09/2015,998.25
17/09/2015,1002.26
18/09/2015,1002.64
21/09/2015,1004.67
22/09/2015,1003.45
23/09/2015,1005.29
24/09/2015,1003.18
25/09/2015,1003.54
28/09/2015,1002.86
29/09/2015,1001.99
30/09/2015,1002.16
1/10/2015,1002.77
2/10/2015,1004.36
5/10/2015,1004.06
6/10/2015,1009.31
7/10/2015,1009.86
8/10/2015,1009.97
9/10/2015,1010.95
12/10/2015,1014.81
13/10/2015,1015.04
14/10/2015,1013.83
15/10/2015,1016.33
16/10/2015,1016.44
19/10/2015,1014.68
20/10/2015,1013.6
21/10/2015,1014.24
22/10/2015,1014.65
23/10/2015,1014.77
26/10/2015,1016.82
27/10/2015,1016.77
28/10/2015,1016.96
29/10/2015,1017.27
30/10/2015,1017.32
2/11/2015,1017.89
3/11/2015,1018.11
4/11/2015,1017.95
5/11/2015,1018.14
6/11/2015,1015.67
9/11/2015,1013.76
10/11/2015,1013.96
11/11/2015,1012.99
12/11/2015,1012.63
13/11/2015,1009.66
16/11/2015,1008.72
17/11/2015,1008.1
18/11/2015,1008.3
19/11/2015,1007.86
20/11/2015,1008.07
23/11/2015,1008.66
24/11/2015,1007.59
25/11/2015,1007.24
26/11/2015,1007.27
27/11/2015,1007.47
30/11/2015,1007.52
1/12/2015,1007.23
2/12/2015,1008.61
3/12/2015,1008.47
4/12/2015,1007.92
7/12/2015,1008.52
8/12/2015,1007.73
9/12/2015,1007.69
10/12/2015,1007.89
11/12/2015,1008.09
14/12/2015,1008.69
15/12/2015,1008.49
16/12/2015,1008.69
17/12/2015,1007.15
18/12/2015,1005.4
21/12/2015,1002.56
22/12/2015,1002.77
23/12/2015,1002.97
24/12/2015,1003.17
25/12/2015,1003.34
28/12/2015,1003.99
29/12/2015,999.65
30/12/2015,999.86
31/12/2015,999.85
1/01/2016,1000.02
4/01/2016,1002.52
5/01/2016,1002.73
6/01/2016,1002.94
7/01/2016,1003.14
8/01/2016,996.97
11/01/2016,997.63
12/01/2016,997.31
13/01/2016,997.52
14/01/2016,996.81
15/01/2016,997.02
18/01/2016,997.66
19/01/2016,995.65
20/01/2016,993.28
21/01/2016,991.45
22/01/2016,993.94
25/01/2016,994.49
26/01/2016,991.66
27/01/2016,992.37
28/01/2016,995
29/01/2016,996.17
1/02/2016,996.38
2/02/2016,996.61
3/02/2016,996.82
4/02/2016,996.82
5/02/2016,997.27
8/02/2016,998.06
9/02/2016,998.12
10/02/2016,998.34
11/02/2016,996.22
12/02/2016,983.28
15/02/2016,983.94
16/02/2016,984.16
17/02/2016,985.25
18/02/2016,985.47
19/02/2016,985.69
22/02/2016,986.35
23/02/2016,986.57
24/02/2016,987.48
25/02/2016,987.5
26/02/2016,988.22
29/02/2016,986.09
1/03/2016,988.37
2/03/2016,992.18
3/03/2016,992.51
4/03/2016,995.96
7/03/2016,999.31
8/03/2016,1000.81
9/03/2016,1004.36
10/03/2016,1007.69
11/03/2016,1010.36
14/03/2016,1010.12
15/03/2016,1005.89
16/03/2016,1009.34
17/03/2016,1016.38
18/03/2016,1021.14
21/03/2016,1022.03
22/03/2016,1019.48
23/03/2016,1018.12
24/03/2016,1018.47
25/03/2016,1018.69
28/03/2016,1019.48
29/03/2016,1019.33
30/03/2016,1020.48
31/03/2016,1022.12
1/04/2016,1024.06
4/04/2016,1025.84
5/04/2016,1028.12
6/04/2016,1027.7
7/04/2016,1025.3
8/04/2016,1022.73
11/04/2016,1022.61
12/04/2016,1023.14
13/04/2016,1024.41
14/04/2016,1026.21
15/04/2016,1026.41
18/04/2016,1028.44
19/04/2016,1030.33
20/04/2016,1031.98
21/04/2016,1030.06
22/04/2016,1029.18
25/04/2016,1029.36
26/04/2016,1029.1
27/04/2016,1030.37
28/04/2016,1032.67
29/04/2016,1034.19
2/05/2016,1034.08
3/05/2016,1032.85
4/05/2016,1030.66
5/05/2016,1030.96
6/05/2016,1032.54
9/05/2016,1034.04
10/05/2016,1035.95
11/05/2016,1036.16
12/05/2016,1038.7
13/05/2016,1039.59
16/05/2016,1040.34
17/05/2016,1042.21
18/05/2016,1041.6
19/05/2016,1041.18
20/05/2016,1040.45
23/05/2016,1039.63
24/05/2016,1039.77
25/05/2016,1039.18
26/05/2016,1040.31
27/05/2016,1040.16
30/05/2016,1040.19
31/05/2016,1041.56
1/06/2016,1044.94
2/06/2016,1048.29
3/06/2016,1051.42
6/06/2016,1052.23
7/06/2016,1051.29
8/06/2016,1052.27
9/06/2016,1052.82
10/06/2016,1050.41
13/06/2016,1049.56
14/06/2016,1054.11
15/06/2016,1054.33
16/06/2016,1052.63
17/06/2016,1052.02
20/06/2016,1052.9
21/06/2016,1050.17
22/06/2016,1049.54
23/06/2016,1050.05
24/06/2016,1051.59
27/06/2016,1055.29
28/06/2016,1066.76
29/06/2016,1079.85
30/06/2016,1077.75
1/07/2016,1078.76
4/07/2016,1080.34
5/07/2016,1080
6/07/2016,1079.22
7/07/2016,1077.69
8/07/2016,1080.41
11/07/2016,1080.08
12/07/2016,1078.86
13/07/2016,1077.63
14/07/2016,1077.74
15/07/2016,1076.09
18/07/2016,1073.28
19/07/2016,1072.61
20/07/2016,1073.17
21/07/2016,1079.09
22/07/2016,1084.08
25/07/2016,1081
26/07/2016,1080.04
27/07/2016,1079.2
28/07/2016,1077.14
29/07/2016,1076.52
1/08/2016,1072.77
2/08/2016,1071.23
3/08/2016,1071.5
4/08/2016,1073.8
5/08/2016,1076.02
8/08/2016,1078.15
9/08/2016,1079.94
10/08/2016,1080.28
11/08/2016,1080.03
12/08/2016,1080.61
15/08/2016,1081.23
16/08/2016,1082.37
17/08/2016,1085.6
18/08/2016,1090.72
19/08/2016,1092.58
22/08/2016,1093.98
23/08/2016,1094.23
24/08/2016,1093.93
25/08/2016,1095.63
26/08/2016,1096.48
29/08/2016,1090.05
30/08/2016,1087.34
31/08/2016,1089
1/09/2016,1092.49
2/09/2016,1095.06
5/09/2016,1095.69
6/09/2016,1108.84
7/09/2016,1114.09
8/09/2016,1115.68
9/09/2016,1111.3
12/09/2016,1110.39
13/09/2016,1106.39
14/09/2016,1109.18
15/09/2016,1109.39
16/09/2016,1106.2
19/09/2016,1106.73
20/09/2016,1108.87
21/09/2016,1111.83
22/09/2016,1116.93
23/09/2016,1117.48
26/09/2016,1115.81
27/09/2016,1119.91
28/09/2016,1121.49
29/09/2016,1120.53
30/09/2016,1121.26
3/10/2016,1113.48
4/10/2016,1110.01
5/10/2016,1112.46
6/10/2016,1113.76
7/10/2016,1114.54
10/10/2016,1118.01
11/10/2016,1121.49
12/10/2016,1120.53
13/10/2016,1120.48
14/10/2016,1121
17/10/2016,1121.52
18/10/2016,1120.64
19/10/2016,1118.16
20/10/2016,1118.98
21/10/2016,1116.45
24/10/2016,1116.76
25/10/2016,1114.59
26/10/2016,1115.66
27/10/2016,1114.35
28/10/2016,1114.42
31/10/2016,1112.63
1/11/2016,1108.95
2/11/2016,1110.46
3/11/2016,1111.93
4/11/2016,1112.77
7/11/2016,1113.8
8/11/2016,1117.7
9/11/2016,1116.69
10/11/2016,1107.68
11/11/2016,1100.46
14/11/2016,1101.18
15/11/2016,1101.01
16/11/2016,1104.07
17/11/2016,1102.97
18/11/2016,1096.06
21/11/2016,1096.25
22/11/2016,1099.23
23/11/2016,1101.4
24/11/2016,1102.75
25/11/2016,1106.92
28/11/2016,1113.38
29/11/2016,1114.85
30/11/2016,1117.08
1/12/2016,1111.61
2/12/2016,1112.72
5/12/2016,1116.27
6/12/2016,1116.64
7/12/2016,1120.1
8/12/2016,1120.95
9/12/2016,1119.66
12/12/2016,1119.98
13/12/2016,1120.73
14/12/2016,1120.45
15/12/2016,1118.72
16/12/2016,1118.38
19/12/2016,1124.17
20/12/2016,1127.4
21/12/2016,1131.21
22/12/2016,1131.86
23/12/2016,1132.24
26/12/2016,1132.99
27/12/2016,1133.95
28/12/2016,1132.9
29/12/2016,1133.76
30/12/2016,1134.7
2/01/2017,1135.25
3/01/2017,1135.7
4/01/2017,1139.13
5/01/2017,1145.64
6/01/2017,1153.22
9/01/2017,1166.36
10/01/2017,1151.59
11/01/2017,1153.86
12/01/2017,1155.2
13/01/2017,1152.69
16/01/2017,1152.32
17/01/2017,1152.59
18/01/2017,1150.45
19/01/2017,1148.18
20/01/2017,1150
23/01/2017,1151.44
24/01/2017,1155.28
25/01/2017,1155.24
26/01/2017,1157.06
27/01/2017,1160.07
30/01/2017,1159.61
31/01/2017,1153.33
1/02/2017,1153.86
2/02/2017,1154.57
3/02/2017,1155.45
6/02/2017,1155.97
7/02/2017,1158.94
8/02/2017,1159.15
9/02/2017,1159.72
10/02/2017,1159.93
13/02/2017,1160.39
14/02/2017,1160.28
15/02/2017,1156.35
16/02/2017,1152.36
17/02/2017,1149.75
20/02/2017,1151.39
21/02/2017,1150.46
22/02/2017,1150.92
23/02/2017,1154.22
24/02/2017,1155.32
27/02/2017,1157.38
28/02/2017,1153.37
1/03/2017,1150.2
2/03/2017,1148.98
3/03/2017,1149.75
6/03/2017,1151.25
7/03/2017,1149.94
8/03/2017,1145.91
9/03/2017,1148.08
10/03/2017,1149.38
13/03/2017,1153.1
14/03/2017,1156.71
15/03/2017,1158.97
16/03/2017,1163.53
17/03/2017,1165.44
21/03/2017,1167.18
22/03/2017,1168.75
23/03/2017,1171.2
24/03/2017,1173.03
27/03/2017,1175.86
28/03/2017,1174.97
29/03/2017,1176.83
30/03/2017,1177.78
31/03/2017,1177.82
3/04/2017,1178.9
4/04/2017,1182.27
5/04/2017,1181.13
6/04/2017,1184.12
7/04/2017,1184.08
10/04/2017,1183.6
11/04/2017,1182.92
12/04/2017,1182
17/04/2017,1182.55
18/04/2017,1183.95
19/04/2017,1190.74
20/04/2017,1193.15
21/04/2017,1194.55
24/04/2017,1196.59
25/04/2017,1196.76
26/04/2017,1197.59
27/04/2017,1200.36
28/04/2017,1204.46
2/05/2017,1202.68
3/05/2017,1210.02
4/05/2017,1208.69
5/05/2017,1205.48
8/05/2017,1207.56
9/05/2017,1205.93
10/05/2017,1204.83
11/05/2017,1202.4
12/05/2017,1202.41
15/05/2017,1203.21
16/05/2017,1203.43
17/05/2017,1202.47
18/05/2017,1204.74
19/05/2017,1205.46
22/05/2017,1207.98
23/05/2017,1208.91
24/05/2017,1209.67
25/05/2017,1209.31
26/05/2017,1209.16
30/05/2017,1211.3
31/05/2017,1212.68
1/06/2017,1215.99
2/06/2017,1217.86
5/06/2017,1219.98
6/06/2017,1222.84
7/06/2017,1224.24
8/06/2017,1222.06
9/06/2017,1219.47
12/06/2017,1219.73
13/06/2017,1220.37
14/06/2017,1218.91
15/06/2017,1220.18
16/06/2017,1216.6
20/06/2017,1211.29
21/06/2017,1206.83
22/06/2017,1206.65
23/06/2017,1210.47
27/06/2017,1212.7
28/06/2017,1214.61
29/06/2017,1212.49
30/06/2017,1210.39
4/07/2017,1212.95
5/07/2017,1208.49
6/07/2017,1202.47
7/07/2017,1197.59
10/07/2017,1198.17
11/07/2017,1200.13
12/07/2017,1197.52
13/07/2017,1198.67
14/07/2017,1202.4
17/07/2017,1206.03
18/07/2017,1204.88
19/07/2017,1203.99
21/07/2017,1201.9
24/07/2017,1203.14
25/07/2017,1201.99
26/07/2017,1195.12
27/07/2017,1193.64
28/07/2017,1197.25
31/07/2017,1200.63
1/08/2017,1200.44
2/08/2017,1199.85
3/08/2017,1197.41
4/08/2017,1196.41
8/08/2017,1198.59
9/08/2017,1200.33
10/08/2017,1201.62
11/08/2017,1204.19
14/08/2017,1204.79
15/08/2017,1207.7
16/08/2017,1206.45
17/08/2017,1207.2
18/08/2017,1208.53
22/08/2017,1207.47
23/08/2017,1207.22
24/08/2017,1207.71
25/08/2017,1209.17
28/08/2017,1211.28
29/08/2017,1210.31
30/08/2017,1210.32
31/08/2017,1210.89
1/09/2017,1212.3
4/09/2017,1212.48
5/09/2017,1211.85
6/09/2017,1212.55
7/09/2017,1213.99
8/09/2017,1215.3
11/09/2017,1220.92
12/09/2017,1221.32
13/09/2017,1222.9
14/09/2017,1225.24
15/09/2017,1227.22
18/09/2017,1228.63
19/09/2017,1227.06
20/09/2017,1227.88
21/09/2017,1228.69
22/09/2017,1227.58
25/09/2017,1229.46
26/09/2017,1228.67
27/09/2017,1227.96
28/09/2017,1225.55
29/09/2017,1224.48
2/10/2017,1227.73
3/10/2017,1227.06
4/10/2017,1228.28
5/10/2017,1231.61
6/10/2017,1231.06
9/10/2017,1230.72
10/10/2017,1232.28
11/10/2017,1235.25
12/10/2017,1236.28
13/10/2017,1234.98
17/10/2017,1238.57
18/10/2017,1237.35
19/10/2017,1236.18
20/10/2017,1236.36
23/10/2017,1234.6
24/10/2017,1233.15
25/10/2017,1231.85
26/10/2017,1230.08
27/10/2017,1230.6
30/10/2017,1229.48
31/10/2017,1233.03
1/11/2017,1232.7
2/11/2017,1229.52
3/11/2017,1228.28
7/11/2017,1224.91
8/11/2017,1229.25
9/11/2017,1230.32
10/11/2017,1229.06
14/11/2017,1230.16
15/11/2017,1228.18
16/11/2017,1228.38
17/11/2017,1231.85
20/11/2017,1235.74
21/11/2017,1234.11
22/11/2017,1237.64
23/11/2017,1238.05
24/11/2017,1239.59
27/11/2017,1240.68
28/11/2017,1242.17
29/11/2017,1244.71
30/11/2017,1245.95
1/12/2017,1250.48
4/12/2017,1249.92
5/12/2017,1248.42
6/12/2017,1249.18
7/12/2017,1249.26
11/12/2017,1247.9
12/12/2017,1245.04
13/12/2017,1240.48
14/12/2017,1244.11
15/12/2017,1249.44
18/12/2017,1252.98
19/12/2017,1256.72
20/12/2017,1255.9
21/12/2017,1254.58
22/12/2017,1251.82
26/12/2017,1251.35
27/12/2017,1252.94
28/12/2017,1253.54
29/12/2017,1254.2
2/01/2018,1254.55
3/01/2018,1256.36
4/01/2018,1259.48
5/01/2018,1259.86
9/01/2018,1261.19
10/01/2018,1261.6
11/01/2018,1260.84
12/01/2018,1262.49
15/01/2018,1262.26
16/01/2018,1259.23
17/01/2018,1259.42
18/01/2018,1258.89
19/01/2018,1257.66
22/01/2018,1256.54
23/01/2018,1257.61
24/01/2018,1258.77
25/01/2018,1261.41
26/01/2018,1263.03
29/01/2018,1262.86
30/01/2018,1262.02
31/01/2018,1261.14
1/02/2018,1262.85
2/02/2018,1263.81
5/02/2018,1260.91
6/02/2018,1258.33
7/02/2018,1258.19
8/02/2018,1257.88
9/02/2018,1256.07
12/02/2018,1256.66
13/02/2018,1257.19
14/02/2018,1256.04
15/02/2018,1255.34
16/02/2018,1254.74
19/02/2018,1256.34
20/02/2018,1256.37
21/02/2018,1255.76
22/02/2018,1256.71
23/02/2018,1258.51
26/02/2018,1260.36
27/02/2018,1261.26
28/02/2018,1259.87
1/03/2018,1255.73
2/03/2018,1251.63
5/03/2018,1251.98
6/03/2018,1252.56
7/03/2018,1254.05
8/03/2018,1253.12
9/03/2018,1254.18
12/03/2018,1257.67
13/03/2018,1260.33
14/03/2018,1261.64
15/03/2018,1262.02
16/03/2018,1264.48
20/03/2018,1265.87
21/03/2018,1266
22/03/2018,1266.26
23/03/2018,1266.22
26/03/2018,1265.81
27/03/2018,1268
28/03/2018,1274.1
2/04/2018,1276.31
3/04/2018,1275.56
4/04/2018,1276.03
5/04/2018,1275.48
6/04/2018,1277.14
9/04/2018,1281.32
10/04/2018,1280.83
11/04/2018,1284.28
12/04/2018,1286.51
13/04/2018,1284.01
16/04/2018,1286.23
17/04/2018,1287.49
18/04/2018,1289.09
19/04/2018,1289.31
20/04/2018,1287.22
23/04/2018,1288.13
24/04/2018,1287.04
25/04/2018,1287.27
26/04/2018,1285.69
27/04/2018,1287.74
30/04/2018,1289.13
2/05/2018,1289.12
3/05/2018,1288.38
4/05/2018,1287.77
7/05/2018,1287.4
8/05/2018,1286.8
9/05/2018,1283.55
10/05/2018,1282.34
11/05/2018,1285.45
15/05/2018,1286.25
16/05/2018,1283.05
17/05/2018,1282.72
18/05/2018,1280.76
21/05/2018,1276.22
22/05/2018,1278.02
23/05/2018,1280.56
24/05/2018,1281.96
25/05/2018,1283.4
28/05/2018,1282.98
29/05/2018,1284.05
30/05/2018,1283.43
31/05/2018,1282.82
1/06/2018,1281.98
5/06/2018,1284.07
6/06/2018,1284.81
7/06/2018,1288.08
8/06/2018,1285.86
12/06/2018,1285.26
13/06/2018,1284.15
14/06/2018,1284.14
15/06/2018,1284.49
18/06/2018,1282.38
19/06/2018,1282.24
20/06/2018,1282.57
21/06/2018,1284.43
22/06/2018,1282.16
25/06/2018,1284.08
26/06/2018,1284.82
27/06/2018,1285.11
28/06/2018,1285.85
29/06/2018,1284.64
3/07/2018,1286.24
4/07/2018,1288.3
5/07/2018,1288.58
6/07/2018,1289.15
9/07/2018,1289.25
10/07/2018,1288.87
11/07/2018,1288.76
12/07/2018,1288.4
13/07/2018,1287.7
16/07/2018,1288.44
17/07/2018,1287.43
18/07/2018,1286.23
19/07/2018,1287.57
23/07/2018,1289.04
24/07/2018,1289.03
25/07/2018,1287.68
26/07/2018,1286.63
27/07/2018,1286.75
30/07/2018,1287.23
31/07/2018,1285.97
1/08/2018,1284.15
2/08/2018,1283.24
3/08/2018,1283.19
6/08/2018,1284.94
8/08/2018,1286.2
9/08/2018,1286.1
10/08/2018,1288.77
13/08/2018,1288.86
14/08/2018,1286.5
15/08/2018,1286.99
16/08/2018,1287.35
17/08/2018,1288.78
21/08/2018,1289.06
22/08/2018,1290.35
23/08/2018,1292.5
24/08/2018,1293.24
27/08/2018,1294.61
28/08/2018,1295
29/08/2018,1294.22
30/08/2018,1292.54
31/08/2018,1292.2
3/09/2018,1292.74
4/09/2018,1293.55
5/09/2018,1292.65
6/09/2018,1292.68
7/09/2018,1292.34
10/09/2018,1289.85
11/09/2018,1288.17
12/09/2018,1288.74
13/09/2018,1290.58
14/09/2018,1292.41
17/09/2018,1292.61
18/09/2018,1292.84
19/09/2018,1293.41
20/09/2018,1292.19
21/09/2018,1292.5
24/09/2018,1294.78
25/09/2018,1295.1
26/09/2018,1294.56
27/09/2018,1295.13
28/09/2018,1297.1
1/10/2018,1298.1
2/10/2018,1297.18
3/10/2018,1296.72
4/10/2018,1296.6
5/10/2018,1296.81
8/10/2018,1293.28
9/10/2018,1295.35
10/10/2018,1295.51
11/10/2018,1295.07
12/10/2018,1292.05
16/10/2018,1290.64
17/10/2018,1292.39
18/10/2018,1294.41
19/10/2018,1292.73
22/10/2018,1294.32
23/10/2018,1294.49
24/10/2018,1292.45
25/10/2018,1291.25
26/10/2018,1289.83
29/10/2018,1288.46
30/10/2018,1288.35
31/10/2018,1287.37
1/11/2018,1289.5
2/11/2018,1291.85
6/11/2018,1289.53
7/11/2018,1290.91
8/11/2018,1295.75
9/11/2018,1296.47
13/11/2018,1295.09
14/11/2018,1294.96
15/11/2018,1294.85
16/11/2018,1296.1
19/11/2018,1299.99
20/11/2018,1299.42
21/11/2018,1298.14
22/11/2018,1299.36
23/11/2018,1303.98
26/11/2018,1302.81
27/11/2018,1301.6
28/11/2018,1301.7
29/11/2018,1298.27
30/11/2018,1304.55
3/12/2018,1307.08
4/12/2018,1309.48
5/12/2018,1310.44
6/12/2018,1310.13
7/12/2018,1309.32
10/12/2018,1314.16
11/12/2018,1313.92
12/12/2018,1315.48
13/12/2018,1314.86
14/12/2018,1316.77
17/12/2018,1316.99
18/12/2018,1317.39
19/12/2018,1317.97
20/12/2018,1319.14
21/12/2018,1323.13
24/12/2018,1325.01
26/12/2018,1325.25
27/12/2018,1324.7
28/12/2018,1324.92
31/12/2018,1325.58
2/01/2019,1327.49
3/01/2019,1326.97
4/01/2019,1325.28
8/01/2019,1325.38
9/01/2019,1329.61
10/01/2019,1332.14
11/01/2019,1329.71
14/01/2019,1330.63
15/01/2019,1331.51
16/01/2019,1330.1
17/01/2019,1328.85
18/01/2019,1327.3
21/01/2019,1329.01
22/01/2019,1329.18
23/01/2019,1328.69
24/01/2019,1328.09
25/01/2019,1328.47
28/01/2019,1329.03
29/01/2019,1329.37
30/01/2019,1331.71
31/01/2019,1333.47
1/02/2019,1338.47
4/02/2019,1339.84
5/02/2019,1342.53
6/02/2019,1340.9
7/02/2019,1344.63
8/02/2019,1343.18
11/02/2019,1342.29
12/02/2019,1340.59
13/02/2019,1340.75
14/02/2019,1341.69
15/02/2019,1341.53
18/02/2019,1342.19
19/02/2019,1344.41
20/02/2019,1345
21/02/2019,1345.75
22/02/2019,1344.48
25/02/2019,1346.17
26/02/2019,1348.1
27/02/2019,1348.13
28/02/2019,1348.23
1/03/2019,1347.3
4/03/2019,1346.3
5/03/2019,1346.05
6/03/2019,1347.3
7/03/2019,1350.09
8/03/2019,1349.77
11/03/2019,1353.71
12/03/2019,1355.29
13/03/2019,1357.33
14/03/2019,1357.72
15/03/2019,1358.82
18/03/2019,1362.47
19/03/2019,1361.74
20/03/2019,1363.18
21/03/2019,1366.07
22/03/2019,1371.94
26/03/2019,1373.47
27/03/2019,1371.85
28/03/2019,1367.61
29/03/2019,1370.11
1/04/2019,1370.29
2/04/2019,1371.27
3/04/2019,1367.82
4/04/2019,1368.88
5/04/2019,1368.39
8/04/2019,1369.57
9/04/2019,1371.84
10/04/2019,1374.93
11/04/2019,1375.92
12/04/2019,1375.54
15/04/2019,1375.26
16/04/2019,1374.26
17/04/2019,1370.98
18/04/2019,1373.35
22/04/2019,1374.48
23/04/2019,1375
24/04/2019,1374.47
25/04/2019,1370.52
26/04/2019,1368.43
29/04/2019,1367.89
30/04/2019,1365.11
2/05/2019,1365.79
3/05/2019,1361.47
6/05/2019,1365.59
7/05/2019,1364.69
8/05/2019,1362.93
9/05/2019,1363.15
10/05/2019,1363.37
13/05/2019,1364.03
14/05/2019,1364.25
15/05/2019,1364.47
16/05/2019,1364.69
17/05/2019,1364.91
20/05/2019,1365.57
21/05/2019,1365.8
22/05/2019,1366.01
23/05/2019,1366.24
24/05/2019,1366.46
27/05/2019,1367.12
28/05/2019,1367.34
29/05/2019,1367.56
30/05/2019,1367.78
31/05/2019,1368
4/06/2019,1368.9
5/06/2019,1369.12
6/06/2019,1371.79
7/06/2019,1372.01
10/06/2019,1372.68
11/06/2019,1372.9
12/06/2019,1379.23
13/06/2019,1406.56
14/06/2019,1407.05
17/06/2019,1407.68
18/06/2019,1407.89
19/06/2019,1408.1
20/06/2019,1408.31
21/06/2019,1408.52
24/06/2019,1409.1
25/06/2019,1409.36
26/06/2019,1409.57
27/06/2019,1409.79
28/06/2019,1410.52
2/07/2019,1410.84
3/07/2019,1414.36
4/07/2019,1423.78
5/07/2019,1423.99
8/07/2019,1426.3
9/07/2019,1426.51
10/07/2019,1426.71
11/07/2019,1426.92
12/07/2019,1427.13
15/07/2019,1433.33
16/07/2019,1432.74
17/07/2019,1431.08
18/07/2019,1432.85
19/07/2019,1431.26
22/07/2019,1436.74
23/07/2019,1438.74
24/07/2019,1438.75
25/07/2019,1441.79
26/07/2019,1439.56
29/07/2019,1441.36
30/07/2019,1441.57
31/07/2019,1434
1/08/2019,1434.98
2/08/2019,1433.97
5/08/2019,1434.6
6/08/2019,1431.82
8/08/2019,1432.32
9/08/2019,1434.46
12/08/2019,1435.08
13/08/2019,1435.29
14/08/2019,1435.5
15/08/2019,1440.28
16/08/2019,1440.49
20/08/2019,1445.39
21/08/2019,1445.6
22/08/2019,1444.7
23/08/2019,1440.77
26/08/2019,1441.4
27/08/2019,1441.08
28/08/2019,1441.29
29/08/2019,1436.04
30/08/2019,1436.52
2/09/2019,1434.92
3/09/2019,1436.89
4/09/2019,1436.79
5/09/2019,1440.25
6/09/2019,1441.59
9/09/2019,1442.23
10/09/2019,1442.44
11/09/2019,1439.47
12/09/2019,1440.7
13/09/2019,1440.91
16/09/2019,1444.55
17/09/2019,1444.73
18/09/2019,1446.04
19/09/2019,1446.78
20/09/2019,1447.02
23/09/2019,1449.88
24/09/2019,1452.05
25/09/2019,1452.25
26/09/2019,1452.46
27/09/2019,1453.23
30/09/2019,1451.69
1/10/2019,1451.9
2/10/2019,1451.35
3/10/2019,1450.71
4/10/2019,1450.92
7/10/2019,1453.87
8/10/2019,1454.08
9/10/2019,1454.9
10/10/2019,1454.62
11/10/2019,1454.83
15/10/2019,1451.47
16/10/2019,1451.68
17/10/2019,1446.79
18/10/2019,1447.28
21/10/2019,1447.91
22/10/2019,1448.12
23/10/2019,1446.36
24/10/2019,1448.34
25/10/2019,1452.08
28/10/2019,1454.81
29/10/2019,1451.69
30/10/2019,1452.96
31/10/2019,1448.85
1/11/2019,1453.49
5/11/2019,1454.34
6/11/2019,1451.57
7/11/2019,1451.2
8/11/2019,1448.14
12/11/2019,1449
13/11/2019,1439
14/11/2019,1434.44
15/11/2019,1438.64
18/11/2019,1439.29
19/11/2019,1439.52
20/11/2019,1437.51
21/11/2019,1437.22
22/11/2019,1440.79
25/11/2019,1441.77
26/11/2019,1428.78
27/11/2019,1421.09
28/11/2019,1421.31
29/11/2019,1430.27
2/12/2019,1431.11
3/12/2019,1430.61
4/12/2019,1436.29
5/12/2019,1439.6
6/12/2019,1443.9
9/12/2019,1448.94
10/12/2019,1449.17
11/12/2019,1447.05
12/12/2019,1448.22
13/12/2019,1450.76
16/12/2019,1451.36
17/12/2019,1447.97
18/12/2019,1448.19
19/12/2019,1449.68
20/12/2019,1447.25
23/12/2019,1447.91
24/12/2019,1448.13
26/12/2019,1448.56
27/12/2019,1449.32
30/12/2019,1449.98
2/01/2020,1450.36
3/01/2020,1449.15
7/01/2020,1450.03
8/01/2020,1451.76
9/01/2020,1456.84
10/01/2020,1462.1
13/01/2020,1466.42
14/01/2020,1464.88
15/01/2020,1464.65
16/01/2020,1468.54
17/01/2020,1470.01
20/01/2020,1470.65
21/01/2020,1470.17
22/01/2020,1470.02
23/01/2020,1470.24
24/01/2020,1475.96
27/01/2020,1476.6
28/01/2020,1476.44
29/01/2020,1476.17
30/01/2020,1478.45
31/01/2020,1478.9
3/02/2020,1482.7
4/02/2020,1485.95
5/02/2020,1481
6/02/2020,1481.22
7/02/2020,1481.43
10/02/2020,1482.07
11/02/2020,1488.73
12/02/2020,1490.93
13/02/2020,1491.13
14/02/2020,1491.64
17/02/2020,1492.28
18/02/2020,1496.07
19/02/2020,1495.62
20/02/2020,1493.83
21/02/2020,1494.04
24/02/2020,1495.51
25/02/2020,1498.73
26/02/2020,1498.94
27/02/2020,1499.15
28/02/2020,1499.36
2/03/2020,1490.39
3/03/2020,1492.02
4/03/2020,1492
5/03/2020,1492.21
6/03/2020,1500.54
9/03/2020,1501.17
10/03/2020,1453
11/03/2020,1446.19
12/03/2020,1413.58
13/03/2020,1349.07
16/03/2020,1349.85
17/03/2020,1289.2
18/03/2020,1332.22
19/03/2020,1332.49
20/03/2020,1322.55
24/03/2020,1335.92
25/03/2020,1367.2
26/03/2020,1403.29
27/03/2020,1425.11
30/03/2020,1420.62
31/03/2020,1419.19
1/04/2020,1402.79
2/04/2020,1388.94
3/04/2020,1383.77
6/04/2020,1377.07
7/04/2020,1372.12
8/04/2020,1384.76
13/04/2020,1399.47
14/04/2020,1410.18
15/04/2020,1430.75
16/04/2020,1441.04
17/04/2020,1449.43
20/04/2020,1440.7
21/04/2020,1435.48
22/04/2020,1437.37
23/04/2020,1443.15
24/04/2020,1446.96
27/04/2020,1445.63
28/04/2020,1447.87
29/04/2020,1445.03
30/04/2020,1449.37
4/05/2020,1455.94
5/05/2020,1462.58
6/05/2020,1473.36
7/05/2020,1481.41
8/05/2020,1490.34
11/05/2020,1495.37
12/05/2020,1501.3
13/05/2020,1502.16
14/05/2020,1504.22
15/05/2020,1507.65
18/05/2020,1513.63
19/05/2020,1517.59
20/05/2020,1526.61
21/05/2020,1529.56
22/05/2020,1529.57
26/05/2020,1537.86
27/05/2020,1542.86
28/05/2020,1542.7
29/05/2020,1537.77
1/06/2020,1533.31
2/06/2020,1536.06
3/06/2020,1535.85
4/06/2020,1530.58
5/06/2020,1529.17
8/06/2020,1533.34
9/06/2020,1530.75
10/06/2020,1522.15
11/06/2020,1500.17
12/06/2020,1506.55
16/06/2020,1504.78
17/06/2020,1506
18/06/2020,1513.08
19/06/2020,1519.66
23/06/2020,1523.28
24/06/2020,1520.75
25/06/2020,1516.53
26/06/2020,1515.51
30/06/2020,1525.05
1/07/2020,1528.39
2/07/2020,1531.12
3/07/2020,1535.03
6/07/2020,1545.47
7/07/2020,1543.56
8/07/2020,1543.51
9/07/2020,1546.65
10/07/2020,1548.49
13/07/2020,1549.22
14/07/2020,1552.36
15/07/2020,1552.74
16/07/2020,1553.62
17/07/2020,1553.08
21/07/2020,1555.81
22/07/2020,1554.78
23/07/2020,1555.25
24/07/2020,1554.93
27/07/2020,1555.98
28/07/2020,1557.83
29/07/2020,1558.45
30/07/2020,1560.13
31/07/2020,1560.42
3/08/2020,1565.08
4/08/2020,1566.62
5/08/2020,1569.64
6/08/2020,1575.31
10/08/2020,1576.96
11/08/2020,1572.82
12/08/2020,1560.43
13/08/2020,1559.25
14/08/2020,1561.53
18/08/2020,1563.44
19/08/2020,1565.06
20/08/2020,1567.59
21/08/2020,1566.07
24/08/2020,1566.66
25/08/2020,1569.45
26/08/2020,1569.64
27/08/2020,1569.83
28/08/2020,1570.03
31/08/2020,1568
1/09/2020,1568.99
2/09/2020,1569.18
3/09/2020,1571.91
4/09/2020,1572.11
7/09/2020,1591.79
8/09/2020,1588.72
9/09/2020,1586.75
10/09/2020,1586.94
11/09/2020,1587.13
14/09/2020,1591.91
15/09/2020,1594.84
16/09/2020,1597.7
17/09/2020,1596.76
18/09/2020,1596.8
21/09/2020,1590.12
22/09/2020,1582.49
23/09/2020,1583.62
24/09/2020,1581.61
25/09/2020,1582.85
28/09/2020,1584.51
29/09/2020,1585.91
30/09/2020,1585.7
1/10/2020,1583.61
2/10/2020,1583.27
5/10/2020,1582.5
6/10/2020,1581.98
7/10/2020,1579.84
8/10/2020,1581.51
9/10/2020,1584.43
13/10/2020,1590.35
14/10/2020,1591.47
15/10/2020,1593.62
16/10/2020,1594.56
19/10/2020,1592.74
20/10/2020,1589.93
21/10/2020,1589.44
22/10/2020,1588.04
23/10/2020,1587.99
26/10/2020,1583.68
27/10/2020,1583.85
28/10/2020,1578.21
29/10/2020,1578.45
30/10/2020,1580.27
3/11/2020,1582.76
4/11/2020,1583.24
5/11/2020,1584.67
6/11/2020,1592.72
9/11/2020,1600.44
10/11/2020,1601.14
11/11/2020,1597.23
12/11/2020,1597.09
13/11/2020,1599.35
17/11/2020,1599.02
18/11/2020,1599.65
19/11/2020,1603.03
20/11/2020,1603.14
23/11/2020,1606.24
24/11/2020,1606.54
25/11/2020,1607.75
26/11/2020,1607.16
27/11/2020,1606.4
30/11/2020,1608.81
1/12/2020,1607.52
2/12/2020,1608.4
3/12/2020,1605.63
4/12/2020,1608.74
7/12/2020,1610.5
9/12/2020,1610.24
10/12/2020,1610.18
11/12/2020,1608.73
14/12/2020,1608.64
15/12/2020,1609.79
16/12/2020,1609.33
17/12/2020,1608.77
18/12/2020,1611.4
21/12/2020,1616.5
22/12/2020,1619.31
23/12/2020,1621.68
24/12/2020,1618.85
28/12/2020,1620.11
29/12/2020,1618.91
30/12/2020,1620.74
31/12/2020,1624.07
4/01/2021,1624.92
5/01/2021,1628.57
6/01/2021,1629.41
7/01/2021,1627.1
8/01/2021,1626
12/01/2021,1621.48
13/01/2021,1621.9
14/01/2021,1624.93
15/01/2021,1627.23
18/01/2021,1628.3
19/01/2021,1627.53
20/01/2021,1628.2
21/01/2021,1630.62
22/01/2021,1630.45
25/01/2021,1628.04
26/01/2021,1626.72
27/01/2021,1627.79
28/01/2021,1623.56
29/01/2021,1625.43
1/02/2021,1628.06
2/02/2021,1627.95
3/02/2021,1626.34
4/02/2021,1627.4
5/02/2021,1628.45
8/02/2021,1630.17
9/02/2021,1631.23
10/02/2021,1628.02
11/02/2021,1628.22
12/02/2021,1628.41
15/02/2021,1632.86
16/02/2021,1633.07
17/02/2021,1628.61
18/02/2021,1625.69
19/02/2021,1626.77
22/02/2021,1622.32
23/02/2021,1613.75
24/02/2021,1610.09
25/02/2021,1605.85
26/02/2021,1601.5
1/03/2021,1594.5
2/03/2021,1595.2
3/03/2021,1600.48
4/03/2021,1581.85
5/03/2021,1582.06
8/03/2021,1579.65
9/03/2021,1569.51
10/03/2021,1571.34
11/03/2021,1572.37
12/03/2021,1574.2
15/03/2021,1573.23
16/03/2021,1574.26
17/03/2021,1574.47
18/03/2021,1561.8
19/03/2021,1562.82
23/03/2021,1557.53
24/03/2021,1549.98
25/03/2021,1543.19
26/03/2021,1542.64
29/03/2021,1534.07
30/03/2021,1532.78
31/03/2021,1522.66
5/04/2021,1529.11
6/04/2021,1539.93
7/04/2021,1545.05
8/04/2021,1555.66
9/04/2021,1560.84
12/04/2021,1561.32
13/04/2021,1552.75
14/04/2021,1554.03
15/04/2021,1554.07
16/04/2021,1564.08
19/04/2021,1563.77
20/04/2021,1562.22
21/04/2021,1562.83
22/04/2021,1559.54
23/04/2021,1560.91
26/04/2021,1547.68
27/04/2021,1543.57
28/04/2021,1539.48
29/04/2021,1539.39
30/04/2021,1541
3/05/2021,1539.21
4/05/2021,1504.98
5/05/2021,1506.62
6/05/2021,1522.98
7/05/2021,1524.6
10/05/2021,1510.16
11/05/2021,1509.64
12/05/2021,1506.14
13/05/2021,1512.97
14/05/2021,1521.78
18/05/2021,1524.72
19/05/2021,1523.58
20/05/2021,1523.26
21/05/2021,1523.51
24/05/2021,1517.29
25/05/2021,1513.38
26/05/2021,1516.75
27/05/2021,1517.99
28/05/2021,1521.72
31/05/2021,1525.33
1/06/2021,1527.75
2/06/2021,1529.56
3/06/2021,1537.43
4/06/2021,1536.46
8/06/2021,1549.57
9/06/2021,1552.73
10/06/2021,1558.41
11/06/2021,1551.42
15/06/2021,1544.33
16/06/2021,1541.79
17/06/2021,1545.62
18/06/2021,1548.23
21/06/2021,1547.41
22/06/2021,1541.34
23/06/2021,1541.17
24/06/2021,1543.01
25/06/2021,1536.77
28/06/2021,1531.37
29/06/2021,1536.79
30/06/2021,1541.29
1/07/2021,1536.49
2/07/2021,1538.1
6/07/2021,1538.96
7/07/2021,1542.13
8/07/2021,1540.76
9/07/2021,1542.69
12/07/2021,1552
13/07/2021,1551.23
14/07/2021,1548.21
15/07/2021,1547.05
16/07/2021,1549.66
19/07/2021,1549.12
21/07/2021,1549.3
22/07/2021,1549.76
23/07/2021,1551.78
26/07/2021,1553.84
27/07/2021,1549.4
28/07/2021,1546.35
29/07/2021,1544.01
30/07/2021,1544.93
2/08/2021,1548.65
3/08/2021,1549.03
4/08/2021,1549.88
5/08/2021,1550.12
6/08/2021,1548.92
9/08/2021,1545.51
10/08/2021,1538.81
11/08/2021,1538.58
12/08/2021,1541.24
13/08/2021,1543.03
17/08/2021,1547.93
18/08/2021,1548.76
19/08/2021,1546.22
20/08/2021,1544.82
23/08/2021,1545.88
24/08/2021,1547.51
25/08/2021,1550.06
26/08/2021,1549.77
27/08/2021,1549.22
30/08/2021,1552.9
31/08/2021,1554.07
1/09/2021,1557.26
2/09/2021,1557.94
3/09/2021,1557.59
6/09/2021,1555.23
7/09/2021,1559.79
8/09/2021,1560.65
9/09/2021,1552.43
10/09/2021,1552.07
13/09/2021,1549.87
14/09/2021,1549.48
15/09/2021,1544.75
16/09/2021,1546.65
17/09/2021,1541.89
20/09/2021,1537.6
21/09/2021,1529.07
22/09/2021,1529.82
23/09/2021,1528.2
24/09/2021,1524.53
27/09/2021,1522.06
28/09/2021,1522.29
29/09/2021,1523.47
30/09/2021,1528.6
1/10/2021,1529.73
4/10/2021,1533.03
5/10/2021,1527.98
6/10/2021,1525.53
7/10/2021,1530.01
8/10/2021,1534.08
11/10/2021,1531.93
12/10/2021,1531.26
13/10/2021,1532.74
14/10/2021,1533.14
15/10/2021,1530.89
19/10/2021,1528.22
20/10/2021,1525.72
21/10/2021,1525.47
22/10/2021,1523.8
25/10/2021,1513.97
26/10/2021,1512.74
27/10/2021,1509
28/10/2021,1505.09
29/10/2021,1503.03
2/11/2021,1504.12
3/11/2021,1512.72
4/11/2021,1507.39
5/11/2021,1501.65
8/11/2021,1503.88
9/11/2021,1508.32
10/11/2021,1508.75
11/11/2021,1510.92
12/11/2021,1510.39
16/11/2021,1500.92
17/11/2021,1493.17
18/11/2021,1495.03
19/11/2021,1502.43
22/11/2021,1504.68
23/11/2021,1496.63
24/11/2021,1490.26
25/11/2021,1490.56
26/11/2021,1484.55
29/11/2021,1480.7
30/11/2021,1480.49
1/12/2021,1485.86
2/12/2021,1493.51
3/12/2021,1501.41
6/12/2021,1500.96
7/12/2021,1499.16
9/12/2021,1500.27
10/12/2021,1512.42
13/12/2021,1515.47
14/12/2021,1508.43
15/12/2021,1498.19
16/12/2021,1497.38
17/12/2021,1502.18
20/12/2021,1510.75
21/12/2021,1510.53
22/12/2021,1507.33
23/12/2021,1505.7
24/12/2021,1506
27/12/2021,1507.92
28/12/2021,1509.67
29/12/2021,1506.92
30/12/2021,1503.9
31/12/2021,1503.03
3/01/2022,1502.92
4/01/2022,1497.99
5/01/2022,1490.85
6/01/2022,1489.55
7/01/2022,1478.14
11/01/2022,1464.25
12/01/2022,1453.23
13/01/2022,1458.25
14/01/2022,1458.79
17/01/2022,1459.74
18/01/2022,1446.96
19/01/2022,1436.4
20/01/2022,1439.06
21/01/2022,1448.13
24/01/2022,1455.88
25/01/2022,1451.28
26/01/2022,1452.96
27/01/2022,1455.47
28/01/2022,1451.57
31/01/2022,1450.65
1/02/2022,1453.9
2/02/2022,1462.89
3/02/2022,1468.22
4/02/2022,1465.81
7/02/2022,1469.92
8/02/2022,1468.17
9/02/2022,1459.97
10/02/2022,1451.99
11/02/2022,1448.21
14/02/2022,1448.63
15/02/2022,1441.7
16/02/2022,1447.36
17/02/2022,1449.82
18/02/2022,1452.45
21/02/2022,1453.44
22/02/2022,1452.94
23/02/2022,1447.7
24/02/2022,1441.76
25/02/2022,1427.85
28/02/2022,1429.46
1/03/2022,1426.54
2/03/2022,1433.95
3/03/2022,1437.83
4/03/2022,1439.85
7/03/2022,1435.96
8/03/2022,1421.07
9/03/2022,1414.69
10/03/2022,1415.64
11/03/2022,1416.18
14/03/2022,1415.01
15/03/2022,1415.15
16/03/2022,1414.4
17/03/2022,1415.91
18/03/2022,1417.86
22/03/2022,1416.78
23/03/2022,1411.07
24/03/2022,1406.93
25/03/2022,1395.96
28/03/2022,1391.4
29/03/2022,1397.14
30/03/2022,1409.93
31/03/2022,1417.71
1/04/2022,1422.52
4/04/2022,1438.8
5/04/2022,1451.51
6/04/2022,1451.63
7/04/2022,1449.63
8/04/2022,1452.72
11/04/2022,1435.97
12/04/2022,1428.4
13/04/2022,1438.16
18/04/2022,1433.51
19/04/2022,1423.66
20/04/2022,1422.65
21/04/2022,1422.32
22/04/2022,1417.84
25/04/2022,1411.78
26/04/2022,1411.25
27/04/2022,1410.12
28/04/2022,1406.51
29/04/2022,1405.54
2/05/2022,1397.9
3/05/2022,1388.06
4/05/2022,1393.19
5/05/2022,1395.19
6/05/2022,1389.83
9/05/2022,1363.12
10/05/2022,1357.53
11/05/2022,1358.16
12/05/2022,1352.1
13/05/2022,1349.46
16/05/2022,1346.77
17/05/2022,1341.03
18/05/2022,1321.88
19/05/2022,1320.9
20/05/2022,1332.41
23/05/2022,1335.66
24/05/2022,1338.7
25/05/2022,1341.17
26/05/2022,1349.36
27/05/2022,1352.27
31/05/2022,1359.44
1/06/2022,1367.67
2/06/2022,1365.96
3/06/2022,1373.35
6/06/2022,1374.06
7/06/2022,1367.8
8/06/2022,1352.14
9/06/2022,1342.52
10/06/2022,1342.74
13/06/2022,1337.45
14/06/2022,1335.99
15/06/2022,1326.95
16/06/2022,1333.32
17/06/2022,1332.64
21/06/2022,1306.93
22/06/2022,1305.01
23/06/2022,1308.74
24/06/2022,1320.54
28/06/2022,1329.6
29/06/2022,1333.07
30/06/2022,1336.56
1/07/2022,1338.88
5/07/2022,1354.8
6/07/2022,1351.19
7/07/2022,1348.58
8/07/2022,1348.97
11/07/2022,1330.6
12/07/2022,1299.71
13/07/2022,1291.19
14/07/2022,1258.6
15/07/2022,1252.32
18/07/2022,1268.24
19/07/2022,1252.8
21/07/2022,1254.24
22/07/2022,1253.82
25/07/2022,1256.62
26/07/2022,1259.73
27/07/2022,1256.06
28/07/2022,1276.79
29/07/2022,1287.48
1/08/2022,1309.47
2/08/2022,1323.64
3/08/2022,1327.03
4/08/2022,1338.95
5/08/2022,1324.72
8/08/2022,1314.83
9/08/2022,1317.1
10/08/2022,1331.96
11/08/2022,1337.91
12/08/2022,1347.61
16/08/2022,1344.72
17/08/2022,1340.49
18/08/2022,1339.99
19/08/2022,1332.51
22/08/2022,1323.86
23/08/2022,1324.25
24/08/2022,1324.36
25/08/2022,1323.22
26/08/2022,1328.54
29/08/2022,1333.13
30/08/2022,1322.76
31/08/2022,1325.71
1/09/2022,1319.7
2/09/2022,1321.4
